Yếu tố,Điểm log/năm (%),Tỷ trọng đóng góp (%)
Vốn vật chất K,2.9758250794731165,31.78072351923512
Lao động L,-0.03140190572910061,-0.3353608687679747
Số hóa D,0.9710156315634016,10.370091821739662
Năng lực AI,0.5841482445084428,6.238489614536193
Nhân lực số H,0.2687396162886774,2.8700408175362133
TFP,4.595289859718142,49.076015095720734
