region,I,D,AI,H
Trung du miền núi phía Bắc,0.0,8880.000000000002,0.0,3119.999999999998
Đồng bằng sông Hồng,0.0,0.0,5000.0,0.0
Bắc Trung Bộ + DH Trung Bộ,0.0,380.00000000000256,0.0,4619.999999999997
Tây Nguyên,0.0,11880.000000000002,0.0,119.99999999999818
Đông Nam Bộ,0.0,0.0,7979.999999999991,0.0
Đồng bằng sông Cửu Long,0.0,3880.0000000000023,0.0,4140.000000000006
