sector_name_vi,Priority_default
CNTT-Truyền thông,0.5934736282643218
CN chế biến chế tạo,0.5158690764112559
Tài chính-Ngân hàng,0.3964616174208958
Y tế,0.3028279042356952
Logistics-Vận tải,0.3022480551948049
Giáo dục-Đào tạo,0.2633306097458332
Bán buôn-bán lẻ,0.24373168487150004
Nông-Lâm-Thủy sản,0.17932280451584304
Xây dựng,0.168221280490219
Khai khoáng,0.0412037704945403
