region_name_vi,TOPSIS_expert,TOPSIS_entropy
Đông Nam Bộ,0.9401516970335646,0.9202876277154375
Đồng bằng sông Hồng,0.8981332243464238,0.9689766889704197
Bắc Trung Bộ + DH Trung Bộ,0.3597195549320711,0.36190063392120175
Đồng bằng sông Cửu Long,0.17103796130825552,0.0896917354722847
Trung du miền núi phía Bắc,0.09928628933181609,0.124793114400897
Tây Nguyên,0.031216208412754215,0.011641575964126079
